Location,1900,1901,1902,1903,1904,1905,1906,1907,1908,1909,1910,1911,1912,1913,1914,1915,1916,1917,1918,1919,1920,1921,1922,1923,1924,1925,1926,1927,1928,1929,1930,1931,1932,1933,1934,1935,1936,1937,1938,1939,1940,1941,1942,1943,1944,1945,1946,1947,1948,1949,1950,1951,1952,1953,1954,1955,1956,1957,1958,1959,1960,1961,1962,1963,1964,1965,1966,1967,1968,1969,1970,1971,1972,1973,1974,1975,1976,1977,1978,1979,1980,1981,1982,1983,1984,1985,1986,1987,1988,1989,1990,1991,1992,1993,1994,1995,1996,1997,1998,1999,2000,2001,2002,2003,2004,2005,2006,2007,2008,2009,2010,2011,2012,2013,2014,2015,2016,2017,2018
ALABAMA,1064308.4,1044074.4,1084542.4,1088589.2,1052168.0,1072402.0,1048121.2,1011700.0,1027887.2,1047716.5,1108823.2,1112870.0,1120963.6,1112870.0,1133104.0,1282835.6,1294976.0,1549924.4,1464941.6,1349203.1,1216063.4,1373079.2,1265434.4,1129866.6,1138769.5,1082923.7,1067141.2,1119344.9,1044883.8,1048121.2,1121368.3,1233060.0,1280812.2,1271099.9,1468988.4,1492459.8,1366199.7,1330183.2,1442279.5,1386029.0,1396955.4,1300641.5,1233060.0,1265839.0,1152124.0,1100324.9,1024245.1,1023840.4,976088.16,949379.28,988633.24,923075.08,881797.72,825547.2,858326.28,821500.4,804908.52,771724.76,725995.92,731256.76,689979.4,538224.4,462953.92,458502.44,412773.6,382422.6,352880.96,363807.32,287727.48,264660.72,224597.4,253329.68,220550.6,246854.8,254948.4,267088.8,323744.0,151755.0,220145.92,203149.36,171179.64,214480.4,153778.4,123427.4,155801.8,131521.0,109263.6,101170.0,68795.6,72842.4,97123.2,84982.8,119380.6,101170.0,105216.8,89029.6,109263.6,101170.0,80936.0,80936.0,66772.2,60702.0,72842.4,76889.2,78912.6,80936.0,66772.2,113310.4,95099.8,101170.0,101170.0,101170.0,119380.6,119380.6,115333.8,99146.6,127474.2,95099.8,95099.8
ARIZONA,4451.48,4856.16,4046.8,4856.16,4046.8,5260.84,5260.84,6070.2,6474.88,6879.56,6070.2,6070.2,6474.88,6879.56,7284.24,8093.6,8093.6,11331.04,12140.4,8902.96,8498.28,8498.28,9307.64,9307.64,6879.56,7688.92,8902.96,9712.32,8902.96,7284.24,7688.92,8498.28,10117.0,10117.0,9307.64,10521.68,10926.36,10926.36,11735.72,10117.0,10926.36,11735.72,10117.0,9712.32,10117.0,9307.64,9307.64,9307.64,9307.64,10117.0,10117.0,10117.0,11331.04,10926.36,11331.04,16187.2,14163.8,11331.04,9712.32,8902.96,8498.28,8498.28,6879.56,7284.24,8498.28,8093.6,7688.92,8498.28,6879.56,8093.6,6070.2,6474.88,6070.2,3642.12,4046.8,4856.16,11331.04,20234.0,20234.0,18210.6,14163.8,12140.4,7284.24,5260.84,7284.24,5665.52,6070.2,6070.2,5260.84,5260.84,2832.76,2023.4,4451.48,4046.8,6070.2,8902.96,16187.2,16187.2,12140.4,12140.4,13354.44,11331.04,11331.04,8902.96,10926.36,8902.96,7284.24,8902.96,6070.2,8093.6,8902.96,14163.8,12949.76,20638.68,11331.04,14568.48,20234.0,12949.76,
ARKANSAS,922670.4,886249.2,906483.2,870062.0,837687.6,821500.4,821500.4,849828.0,866015.2,925503.16,926717.2,902436.4,926717.2,914576.8,874108.8,967185.2,930764.0,1001583.0,1011700.0,927526.56,902436.4,995108.12,889891.32,783460.48,819072.32,802885.12,806527.24,763226.48,731256.76,711022.76,621993.16,816239.56,839711.0,830403.36,825142.52,869657.32,851042.04,854279.48,901627.04,884630.48,851851.4,800457.04,737326.96,675815.6,626039.96,540247.8,580715.8,512729.56,496542.36,445148.0,541057.16,386469.4,334670.36,257781.16,231881.64,254948.4,261423.28,192223.0,170774.96,153778.4,123427.4,96313.84,83768.76,70414.32,53417.76,39658.64,30755.68,25090.16,20638.68,17401.24,17805.92,16187.2,11331.04,8498.28,9307.64,15377.84,18210.6,17401.24,12140.4,14163.8,14973.16,19829.32,12140.4,13354.44,19829.32,29541.64,32374.4,26304.2,24280.8,23471.44,29541.64,32374.4,38444.6,36421.2,36421.2,34397.8,93076.4,74865.8,87006.2,40468.0,70819.0,74865.8,103193.4,141638.0,123427.4,93076.4,72842.4,238761.2,174012.4,165918.8,153778.4,210433.6,281252.6,352071.6,214480.4,180082.6,301486.6,240784.6,263042.0
CALIFORNIA,25090.16,25494.84,25899.52,25090.16,23876.12,24685.48,25090.16,24280.8,23471.44,24280.8,25494.84,27518.24,30351.0,29136.96,33183.76,38444.6,40468.0,50585.0,56655.2,47347.56,33588.44,25494.84,19424.64,21043.36,14973.16,14973.16,14568.48,14163.8,13354.44,16187.2,17401.24,19424.64,22257.4,19019.96,15782.52,17401.24,17401.24,17805.92,17805.92,14568.48,15377.84,18210.6,16591.88,15377.84,14568.48,11735.72,12949.76,10926.36,12140.4,12545.08,16996.56,12140.4,15782.52,14973.16,41682.04,74461.12,70009.64,87410.88,71223.68,67581.56,52608.4,36825.88,31160.36,39658.64,43300.76,58273.92,72842.4,89029.6,74865.8,71628.36,82150.04,101170.0,87006.2,95099.8,91053.0,102788.72,117357.2,99955.96,113715.08,105216.8,109263.6,111287.0,133544.4,105216.8,151755.0,129497.6,101170.0,89434.28,75675.16,74865.8,64748.8,46538.2,60702.0,68795.6,72842.4,60702.0,89029.6,107240.2,99146.6,74865.8,82959.4,64748.8,60702.0,56655.2,60702.0,52608.4,44514.8,76889.2,68795.6,64748.8,72842.4,60702.0,72842.4,72842.4,38444.6,24280.8,40468.0,32374.4,30351.0
COLORADO,38039.92,44110.12,53013.08,57869.24,66367.52,72842.4,78912.6,84982.8,105216.8,146089.48,157825.2,170370.28,187366.84,202340.0,254948.4,283276.0,303510.0,339931.2,323744.0,304724.04,372305.6,349238.84,346001.4,483997.28,446766.72,490067.48,487639.4,490472.16,558053.72,510706.16,500589.16,546318.0,603782.56,617946.36,100360.64,333051.64,346406.08,218122.52,314436.36,201530.64,234714.4,288536.84,301486.6,273563.68,273563.68,214480.4,150540.96,160657.96,143661.4,195055.76,138805.24,137591.2,85792.16,95909.16,88624.92,95909.16,82554.72,119785.28,140828.64,123832.08,101574.68,93481.08,79317.28,72033.04,71223.68,77698.56,90243.64,109263.6,114119.76,135163.12,161872.0,182106.0,167942.2,196269.8,218527.2,226620.8,254948.4,281252.6,295416.4,307556.8,307556.8,311603.6,319697.2,246854.8,275182.4,301486.6,287322.8,279229.2,323744.0,376352.4,335884.4,352071.6,356118.4,360165.2,339931.2,335884.4,360165.2,396586.4,433007.6,453241.6,465382.0,433007.6,291369.6,360165.2,420867.2,384446.0,348024.8,428960.8,408726.8,400633.2,489662.8,526084.0,408726.8,396586.4,408726.8,384446.0,473475.6,526084.0,546318.0
DELAWARE,78912.6,78103.24,77698.56,80126.64,78912.6,76889.2,76889.2,76889.2,76889.2,76484.52,75270.48,75270.48,72842.4,72033.04,72033.04,74056.44,74865.8,82959.4,78912.6,69200.28,64344.12,68795.6,63939.44,61511.36,53822.44,53013.08,54227.12,53013.08,53417.76,52608.4,54227.12,57464.56,57869.24,57464.56,54631.8,55845.84,55845.84,56250.52,56250.52,56655.2,55441.16,53822.44,53417.76,52608.4,56250.52,55036.48,54227.12,50989.68,49370.96,53822.44,53822.44,62320.72,70414.32,64748.8,66367.52,65558.16,58273.92,53013.08,50989.68,61916.04,61106.68,47752.24,49775.64,60297.32,63939.44,80531.32,84578.12,85387.48,71628.36,72842.4,74865.8,78912.6,66772.2,68795.6,70819.0,68795.6,78912.6,70009.64,63534.76,64344.12,71628.36,73247.08,71628.36,58678.6,60702.0,70819.0,68390.92,59892.64,56655.2,53822.44,69604.96,68390.92,65153.48,64748.8,60702.0,58273.92,62320.72,64748.8,62725.4,62320.72,62725.4,65558.16,67581.56,65558.16,61916.04,62320.72,65153.48,74865.8,61511.36,65962.84,70009.64,73651.76,72033.04,70414.32,67986.24,66367.52,66367.52,69200.28,64344.12
FLORIDA,232691.0,230667.6,238761.2,240784.6,240784.6,248878.2,246854.8,240784.6,234714.4,246854.8,242808.0,236737.8,238761.2,238761.2,236737.8,261018.6,267088.8,295416.4,317673.8,319697.2,316055.08,316864.44,280847.92,260209.24,238356.52,243212.68,241189.28,243212.68,251306.28,248068.84,251710.96,284085.36,290155.56,298653.84,277205.8,305938.08,284085.36,272754.32,280847.92,263042.0,256162.44,245640.76,232691.0,240784.6,222574.0,200316.6,212861.68,199102.56,171584.32,139209.92,140423.96,146089.48,151755.0,133544.4,140019.28,142852.04,134758.44,127474.2,128283.56,132330.36,124236.76,134353.76,129092.92,135567.8,134353.76,142447.36,145280.12,186557.48,160253.28,132330.36,117761.88,127069.52,124236.76,137591.2,152159.68,151755.0,194246.4,120999.32,138400.56,137186.52,132735.04,132330.36,84982.8,49370.96,84982.8,76889.2,64748.8,42491.4,26304.2,32374.4,30351.0,30351.0,44514.8,40468.0,32374.4,24280.8,45324.16,30351.0,22257.4,16187.2,10117.0,10521.68,14973.16,15782.52,12949.76,11331.04,12140.4,14163.8,14163.8,14973.16,10117.0,13354.44,16187.2,31565.04,16187.2,20234.0,16187.2,14973.16,
GEORGIA,1444707.6,1388052.4,1388052.4,1363771.6,1339490.8,1408286.4,1379958.8,1367818.4,1355678.0,1375102.6,1400192.8,1396146.0,1388052.4,1428520.4,1420426.8,1562064.8,1541830.8,1707749.6,1748217.6,1727578.9,1640572.7,1718271.3,1657974.0,1542235.5,1562064.8,1451991.8,1430948.5,1430139.1,1331801.9,1339086.1,1397764.7,1521192.1,1635716.6,1619529.4,1762786.1,1824297.4,1632883.8,1658378.6,1822678.7,1697227.9,1666876.9,1555589.9,1329373.8,1420831.5,1296594.7,1269481.2,1167906.5,1072806.7,1035171.4,1066331.8,1034362.1,993084.72,923479.76,942095.04,885439.84,889081.96,862373.08,874513.48,853470.12,870466.68,748658.0,681481.12,626849.32,626849.32,601759.16,571812.84,577478.36,652748.84,633324.2,643441.2,632514.84,676624.96,602973.2,675815.6,760798.4,760798.4,874108.8,404680.0,607020.0,627254.0,526084.0,558458.4,329814.2,297439.8,398609.8,394563.0,295416.4,246854.8,202340.0,222574.0,222574.0,222574.0,279229.2,226620.8,218527.2,141638.0,212457.0,182106.0,107240.2,121404.0,97123.2,89029.6,117357.2,117357.2,113310.4,93076.4,91053.0,182106.0,125450.8,149731.6,99146.6,109263.6,125450.8,188176.2,125450.8,115333.8,137591.2,99146.6,111287.0
IDAHO,4046.8,4046.8,3642.12,4046.8,3237.44,3642.12,3642.12,4046.8,4046.8,4046.8,4046.8,4856.16,5260.84,6070.2,8498.28,9712.32,9307.64,9712.32,14973.16,9307.64,10926.36,8902.96,11331.04,14568.48,14973.16,14568.48,10926.36,12949.76,6474.88,8093.6,9307.64,10521.68,11735.72,12140.4,7284.24,7284.24,12949.76,14163.8,11735.72,13759.12,14568.48,16591.88,14973.16,6879.56,7688.92,6474.88,6879.56,6474.88,6879.56,5260.84,4856.16,4856.16,4856.16,5260.84,5665.52,6070.2,6070.2,8093.6,8902.96,10117.0,8498.28,9307.64,9307.64,8498.28,8093.6,8093.6,7284.24,8902.96,9712.32,11331.04,14163.8,13354.44,11735.72,12949.76,14163.8,13354.44,16591.88,16187.2,23471.44,20234.0,20234.0,26304.2,28732.28,26304.2,30351.0,32374.4,24280.8,20234.0,20234.0,20234.0,12140.4,25494.84,13354.44,18210.6,14163.8,14163.8,16187.2,17401.24,21043.36,22257.4,23066.76,18210.6,18210.6,20234.0,30351.0,24280.8,26304.2,42491.4,32374.4,32374.4,44514.8,48561.6,54631.8,46538.2,32374.4,28327.6,40468.0,46538.2,52608.4
ILLINOIS,4232952.8,4330076.0,4390778.0,4269374.0,4249140.0,4249140.0,4249140.0,4208672.0,3965864.0,4116809.6,4107502.0,3965864.0,4046800.0,3986098.0,3905162.0,3844460.0,3864694.0,4087268.0,3905162.0,3200209.4,3409429.0,3325255.6,2959424.8,3103895.6,3208303.0,3464870.2,3353583.2,3064237.0,3377054.6,3145982.3,3300570.1,3599223.9,3744504.0,3271028.4,2716616.8,3120487.5,3305426.2,3548638.9,3266981.6,3071116.5,2963876.3,3015270.7,3012033.2,3246747.6,3562802.7,3138698.1,3461228.0,3313924.5,3627956.2,3620672.0,3240677.4,3432900.4,3532047.0,3642929.4,3520311.3,3595581.8,3430472.4,3194543.9,3336181.9,3961412.5,4040729.8,3313519.8,3346703.6,3581013.3,3744504.0,3956556.4,4185200.6,4365687.8,4082411.8,3924586.6,4022519.2,4075127.6,3733173.0,3856600.4,4006332.0,4374590.8,4690241.2,4564790.4,4520275.6,4471714.0,4629539.2,4580977.6,4629539.2,3196972.0,4427199.2,4601211.6,4208672.0,3723056.0,3884928.0,4350310.0,4208672.0,4451480.0,4471714.0,4046800.0,4633586.0,4046800.0,4370544.0,4471714.0,4228906.0,4309842.0,4471714.0,4390778.0,4411012.0,4471714.0,4694288.0,4835926.0,4512182.0,5281074.0,4815692.0,4775224.0,5018032.0,4997798.0,4957330.0,4775224.0,4754990.0,4653820.0,4633586.0,4431246.0,4390778.0
INDIANA,2033517.0,2043634.0,2114453.0,2084102.0,2205506.0,2023400.0,2053751.0,2003166.0,1972815.0,2061844.6,2003166.0,2003166.0,2043634.0,2063868.0,2084102.0,2124570.0,2165038.0,2377495.0,2165038.0,1803658.8,1876905.8,1788685.6,1571777.1,1806086.8,1564492.9,1844531.4,1755097.2,1530904.4,1701274.7,1498934.7,1560041.4,1784234.1,1772093.7,1649880.4,1507433.0,1625194.9,1693181.1,1820250.6,1619934.0,1603746.8,1512289.2,1536165.3,1559232.0,1664853.5,1784638.8,1695609.2,1779782.6,1710582.4,1822678.7,1838056.6,1710582.4,1778973.3,1804063.4,1846150.2,1887832.2,1941654.6,1858290.6,1708559.0,1736481.9,2044038.7,2084911.4,1626408.9,1675375.2,1742552.1,1794755.8,1902400.7,2054560.4,2177987.8,1916564.5,1869621.6,1992239.6,2229382.1,1976457.1,2120523.2,2148850.8,2278348.4,2549484.0,2513062.8,2509016.0,2440220.4,2541390.4,2428080.0,2537343.6,1889855.6,2440220.4,2488782.0,2306676.0,1974838.4,2023400.0,2104336.0,2205506.0,2245974.0,2415939.6,2185272.0,2411892.8,2144804.0,2205506.0,2326910.0,2245974.0,2294535.6,2245974.0,2294535.6,2112429.6,2181225.2,2237880.4,2335003.6,2177178.4,2577811.6,2209552.8,2209552.8,2314769.6,2326910.0,2440220.4,2359284.4,2335003.6,2217646.4,2213599.6,2100289.2,2092195.6
IOWA,3682588.0,3828272.8,3868740.8,3403358.8,3864694.0,3884928.0,3905162.0,3925396.0,3783758.0,3804396.7,3856600.4,3986098.0,4014425.6,3933489.6,3986098.0,4006332.0,3965864.0,4249140.0,3965864.0,3589106.9,3734791.7,3733577.7,3555923.2,3644548.1,3547829.6,3911232.2,3850530.2,3656283.8,3946439.4,3918921.1,3978409.1,4061773.2,4349096.0,4222835.8,2307080.7,3626742.2,3012842.6,4143923.2,3983669.9,3625932.8,3489960.3,3486722.9,3695942.4,4098194.4,4207458.0,4016044.3,4289608.0,3880071.8,4343025.8,4492352.7,3802373.3,3917302.4,4228501.3,4374995.5,4052465.5,4165371.2,3809252.8,3990144.8,3958579.8,4912410.5,4923336.9,4037087.7,3916088.4,4307818.6,3940773.8,4019686.4,4100217.8,4510158.6,3955747.0,3864289.3,4077960.4,4674054.0,4289608.0,4564790.4,4896628.0,5026125.6,5220372.0,5139436.0,5200138.0,5301308.0,5382244.0,5604818.0,5321542.0,3460014.0,5220372.0,5483414.0,4876394.0,4107502.0,4330076.0,4957330.0,5018032.0,4937096.0,5240606.0,4451480.0,5098968.0,4694288.0,5018032.0,4815692.0,4937096.0,4775224.0,4856160.0,4613352.0,4795458.0,4815692.0,5018032.0,5058500.0,4997798.0,5625052.0,5179904.0,5382244.0,5281074.0,5544116.0,5544116.0,5281074.0,5382244.0,5281074.0,5463180.0,5220372.0,5159670.0
KANSAS,3023769.0,2766392.5,2889415.2,2714188.8,2714188.8,2849756.6,2759512.9,2867967.2,2988966.5,3281550.1,3621886.0,3300974.8,3065451.0,2962257.6,2367378.0,2245974.0,2812526.0,3705250.1,2480688.4,1487603.7,1864360.8,1613863.8,1805277.5,2032303.0,2223311.9,2385183.9,1845745.5,2321244.5,2550698.0,2286037.3,2184867.3,2231810.2,2556363.6,2245164.6,69604.96,974874.12,201125.96,695644.92,786697.92,847804.6,792768.12,936429.52,1189354.5,1208779.2,1364581.0,1115702.8,999154.92,803694.48,923075.08,937238.88,988228.56,885035.16,803694.48,717902.32,545913.32,420462.52,364616.68,488044.08,635752.28,700096.4,698073.0,495733.0,525274.64,546318.0,420867.2,424914.0,416415.72,428960.8,458907.12,488853.44,520013.8,530535.48,505850.0,623207.2,675815.6,663675.2,724377.2,679862.4,607020.0,594879.6,477522.4,475499.0,493709.6,372305.6,386469.4,473475.6,540247.8,497756.4,465382.0,501803.2,586786.0,667722.0,700096.4,728424.0,849828.0,797219.6,950998.0,1052168.0,1153338.0,1205946.4,1282835.6,1234274.0,1052168.0,1011700.0,1165478.4,1396146.0,1214040.0,1489222.4,1468988.4,1562064.8,1881762.0,1699656.0,1598486.0,1618720.0,1537784.0,1586345.6,1991025.6,2104336.0,2063868.0
KENTUCKY,1363771.6,1375912.0,1416380.0,1386029.0,1497316.0,1436614.0,1436614.0,1416380.0,1375912.0,1405049.0,1404239.6,1416380.0,1416380.0,1432567.2,1432567.2,1477082.0,1432567.2,1558018.0,1489222.4,1313996.0,1243986.3,1183284.3,1156575.4,1224966.4,1171143.9,1246009.7,1183689.0,1089398.6,1143625.7,1070378.6,1081709.6,1147672.5,1112870.0,1118535.5,1129057.2,1053786.7,1125010.4,1067141.2,1005225.1,1033148.0,1033148.0,1022626.4,1014532.8,994298.76,991061.32,857112.24,887867.92,860754.36,963543.08,931978.04,841734.4,851446.72,810574.04,766463.92,799647.68,759179.68,721139.76,590428.12,575050.28,683504.52,618755.72,451622.88,451622.88,442719.92,420462.52,424509.32,445957.36,472666.24,415606.36,382422.6,379994.52,478736.44,391730.24,408726.8,435031.0,461335.2,550364.8,594879.6,570598.8,526084.0,598926.4,602973.2,602973.2,388492.8,590832.8,631300.8,615113.6,461335.2,445148.0,477522.4,485616.0,505850.0,526084.0,493709.6,493709.6,461335.2,485616.0,465382.0,477522.4,477522.4,497756.4,445148.0,433007.6,437054.4,461335.2,477522.4,420867.2,542271.2,453241.6,465382.0,497756.4,526084.0,619160.4,578692.4,578692.4,530130.8,566552.0,493709.6,501803.2
LOUISIANA,526084.0,509896.8,505850.0,489662.8,473475.6,473475.6,489662.8,493709.6,513943.6,644250.56,687956.0,687956.0,631300.8,647488.0,655581.6,671768.8,631300.8,647488.0,647488.0,609043.4,584762.6,630896.12,537415.04,492495.56,483592.6,488448.76,447980.76,461335.2,490876.84,473475.6,466191.36,541461.84,598926.4,569384.76,626444.64,651534.8,617137.0,594879.6,677029.64,655176.92,612685.52,569789.44,513943.6,502612.56,460930.52,428556.12,394563.0,380803.88,352071.6,294202.36,314031.68,269516.88,239975.24,202340.0,232691.0,230262.92,216503.8,190604.28,180891.96,159039.24,136781.84,108049.56,89838.96,94290.44,80936.0,73651.76,61106.68,59892.64,56250.52,48966.28,52608.4,40468.0,30755.68,23066.76,22257.4,18210.6,28732.28,26304.2,19019.96,16591.88,12140.4,13354.44,16187.2,22662.08,33183.76,82959.4,155801.8,85387.48,50585.0,57464.56,75270.48,99955.96,125046.12,84982.8,123832.08,89434.28,211647.64,168751.56,218527.2,133544.4,149731.6,124236.76,218527.2,202340.0,165918.8,133544.4,117357.2,295416.4,206386.8,246854.8,202340.0,230667.6,214480.4,271135.6,157825.2,157825.2,222574.0,198293.2,182106.0
MARYLAND,270326.24,271135.6,273159.0,267088.8,269112.2,267088.8,267088.8,263042.0,263042.0,266279.44,265065.4,258995.2,254948.4,250901.6,242808.0,246854.8,242808.0,263042.0,265065.4,250496.92,249687.56,246854.8,239165.88,229048.88,194651.08,208410.2,195055.76,182510.68,184534.08,187366.84,182915.36,194651.08,193437.04,203554.04,182510.68,197079.16,193032.36,195055.76,187366.84,187366.84,186962.16,169965.6,171584.32,167132.84,186152.8,169965.6,166728.16,167132.84,169156.24,162681.36,159443.92,176845.16,187366.84,176035.8,176035.8,188176.2,173203.04,132735.04,154587.76,167132.84,171989.0,149326.92,143256.72,159039.24,165514.12,191818.32,180487.28,212861.68,195865.12,197079.16,202744.68,208814.88,179273.24,202340.0,216503.8,222574.0,254948.4,242808.0,238761.2,240784.6,258995.2,275182.4,258995.2,220550.6,238761.2,258995.2,234714.4,186152.8,169965.6,161872.0,182106.0,182106.0,190199.6,169965.6,157825.2,161872.0,188176.2,165918.8,161872.0,145684.8,163895.4,165918.8,171989.0,165918.8,171989.0,161872.0,171989.0,188176.2,161872.0,171989.0,174012.4,169965.6,176035.8,169965.6,174012.4,153778.4,161872.0,169965.6,157825.2
MICHIGAN,635347.6,647488.0,655581.6,655581.6,647488.0,631300.8,639394.4,651534.8,651534.8,675815.6,687956.0,687956.0,661651.8,681885.8,708190.0,708190.0,667722.0,708190.0,667722.0,513538.92,488044.08,483187.92,407512.76,400633.2,316864.44,350857.56,247664.16,288941.52,295821.08,233500.36,259399.88,373924.32,418034.44,434626.32,417225.08,512729.56,430984.2,482783.24,501803.2,514752.96,493709.6,479545.8,531344.84,422081.24,566552.0,528512.08,503017.24,464167.96,517181.04,542271.2,482783.24,536201.0,547532.04,598521.72,638585.04,663270.52,667317.32,587595.36,587595.36,697668.32,676624.96,588809.4,559267.76,604187.24,624421.24,599331.08,562505.2,562505.2,505850.0,501803.2,578287.72,700096.4,696858.96,750681.4,799243.0,890296.0,946951.2,1007653.2,971232.0,1011700.0,1035980.8,1133104.0,1108823.2,728424.0,1060261.6,1104776.4,991466.0,801266.4,647488.0,797219.6,837687.6,930764.0,930764.0,829594.0,882202.4,878155.6,910530.0,882202.4,829594.0,789126.0,789126.0,768892.0,809360.0,821500.4,776985.6,813406.8,789126.0,946951.2,866015.2,845781.2,849828.0,886249.2,963138.4,902436.4,894342.8,837687.6,825547.2,764845.2,768892.0
MINNESOTA,598926.4,651534.8,728424.0,724377.2,789126.0,785079.2,805313.2,789126.0,813406.8,836473.56,886249.2,983372.4,1056214.8,1100729.6,1224157.0,1250461.2,1157384.8,1307116.4,1218086.8,963543.08,1104776.4,1161431.6,955854.16,1194615.4,1075639.4,1109227.9,1115702.8,999559.6,1090207.9,1158598.8,1216468.1,1248437.8,1397764.7,1306307.0,724377.2,1248842.5,1057428.8,1415166.0,1359724.8,1417594.0,1333825.3,1392099.2,1493673.9,1659997.4,1842508.0,1829963.0,1749431.6,1694395.2,1775331.2,1954604.4,1573800.5,1767237.6,1788280.9,1918183.2,1883785.4,2047276.1,2037563.8,2020162.6,1959055.9,2435768.9,2365354.6,2034326.4,1851411.0,2073580.3,1804063.4,1732030.4,1818631.9,2000333.2,1840484.6,1627623.0,1829558.3,2316793.0,1982527.3,2233833.6,2387612.0,2355237.6,2266208.0,2428080.0,2504969.2,2452360.8,2545437.2,2739683.6,2630420.0,1768451.6,2606139.2,2549484.0,2266208.0,1942464.0,1901996.0,2266208.0,2488782.0,2428080.0,2630420.0,1861528.0,2610186.0,2488782.0,2812526.0,2610186.0,2731590.0,2670888.0,2691122.0,2509016.0,2711356.0,2691122.0,2852994.0,2772058.0,2772058.0,3176738.0,2913696.0,2893462.0,2954164.0,3116036.0,3370984.4,3294095.2,3055334.0,3075568.0,3237440.0,3087708.4,3014866.0
MISSISSIPPI,849828.0,857921.6,870062.0,882202.4,829594.0,821500.4,829594.0,805313.2,837687.6,882202.4,975278.8,967185.2,1011700.0,1011700.0,1011700.0,1141197.6,1060261.6,1209993.2,1169525.2,1075234.8,955854.16,1309949.2,1146053.8,952616.72,870871.36,825547.2,811383.4,821095.72,789126.0,800861.72,793172.8,938452.92,1015746.8,1005629.8,1205541.7,1166692.4,1123391.7,1068355.2,1279598.2,1199066.8,1214849.4,1190568.6,1124201.0,1062689.7,1004011.1,963947.76,879369.64,894747.48,876132.2,813811.48,873299.44,706571.28,660437.76,603782.56,632919.52,617946.36,592856.2,558458.4,515157.64,468619.44,417225.08,333861.0,297035.12,285299.4,253734.36,205577.44,180891.96,169965.6,146494.16,110882.32,90243.64,89029.6,65962.84,59892.64,58273.92,58678.6,69604.96,64748.8,54631.8,44514.8,35611.84,46538.2,36421.2,22257.4,28327.6,46538.2,68795.6,60702.0,60702.0,56655.2,56655.2,60702.0,121404.0,76889.2,107240.2,111287.0,240784.6,175226.44,202340.0,125450.8,147708.2,155801.8,214480.4,214480.4,178059.2,147708.2,131521.0,368258.8,283276.0,281252.6,271135.6,295416.4,321720.6,335884.4,196269.8,198293.2,291369.6,202340.0,186152.8
MISSOURI,3116036.0,3055334.0,3055334.0,2852994.0,2691122.0,2865134.4,2824666.4,2865134.4,2630420.0,2921789.6,3035100.0,2994632.0,3079614.8,3027006.4,2982491.6,2921789.6,2994632.0,3245533.6,2954164.0,2252853.6,2417963.0,2197817.1,2222097.9,2387612.0,2309104.1,2425247.2,2336217.6,2063463.3,2325291.3,1957841.8,2190128.2,2320839.8,2378304.4,2192151.6,615518.28,1391694.5,992275.36,1676184.6,1676184.6,1680636.0,1579870.7,1514717.2,1607793.6,1688325.0,1876905.8,1473439.9,1715438.5,1528476.4,1670519.0,1590392.4,1555185.2,1492864.5,1580275.4,1384005.6,1205137.0,1530904.4,1517145.3,1292143.2,1254103.3,1637335.3,1635311.9,1079281.6,1090207.9,1253698.6,1178428.2,1190163.9,1150909.9,1185307.7,1197043.4,1092636.0,1148077.2,1251270.6,1011700.0,1052168.0,1096682.8,1092636.0,1153338.0,1072402.0,930764.0,942904.4,837687.6,785079.2,797219.6,578692.4,781032.4,1003606.4,979325.6,870062.0,817453.6,926717.2,793172.8,890296.0,971232.0,748658.0,930764.0,594879.6,1027887.2,1052168.0,1011700.0,1031934.0,1120963.6,1052168.0,1092636.0,1133104.0,1165478.4,1201899.6,1064308.4,1323303.6,1072402.0,1181665.6,1214040.0,1234274.0,1335444.0,1294976.0,1367818.4,1246414.4,1416380.0,1315210.0,1355678.0
MONTANA,1214.04,1618.72,2023.4,2023.4,2428.08,2428.08,2832.76,3237.44,3642.12,4046.8,6474.88,8093.6,9712.32,12140.4,21448.04,25899.52,27113.56,32779.08,40468.0,7688.92,15377.84,19424.64,23066.76,40872.68,32779.08,23471.44,20234.0,13759.12,9712.32,8902.96,8902.96,7688.92,20234.0,10521.68,5260.84,12949.76,4451.48,17401.24,22257.4,19829.32,21448.04,25090.16,19019.96,13759.12,11331.04,5665.52,5260.84,8902.96,10926.36,3237.44,4856.16,3237.44,2428.08,5665.52,2428.08,3642.12,2428.08,3237.44,2428.08,1618.72,1214.04,1214.04,1618.72,3237.44,1618.72,1214.04,2023.4,2832.76,1618.72,2428.08,1618.72,2832.76,2428.08,4451.48,5260.84,4046.8,4451.48,4451.48,4046.8,4046.8,3237.44,4046.8,5665.52,5260.84,6070.2,4451.48,5260.84,6070.2,8093.6,1618.72,3642.12,6070.2,10117.0,8093.6,6879.56,6474.88,6070.2,5665.52,7284.24,7284.24,6474.88,5260.84,5260.84,6879.56,6070.2,6879.56,7284.24,15377.84,14163.8,10521.68,13759.12,14568.48,24280.8,30351.0,30351.0,20234.0,22257.4,26304.2,
NEBRASKA,2974398.0,2903579.0,2974398.0,2863111.0,2944047.0,2913696.0,2863111.0,2863111.0,2893462.0,2965090.4,3004749.0,2974398.0,3035100.0,3095802.0,2974398.0,2974398.0,3075568.0,3379078.0,2832760.0,2710951.3,2960638.9,2893866.7,2646607.2,3202637.5,3229346.4,3354392.5,3312305.8,3354392.5,3230155.8,3476201.2,3568872.9,3702012.6,4048823.4,3992572.9,404275.32,2778532.9,745420.56,2239094.4,2676148.8,2055369.7,1884999.4,2579025.6,2829117.9,3034695.3,3420355.4,3245533.6,3001916.2,2821833.6,2810502.6,2951331.2,2715402.8,2721877.7,2695168.8,2689503.3,2629206.0,1932347.0,1633693.2,1909280.2,2191342.2,2653891.4,2645797.8,2143185.3,2035945.1,2035945.1,1534951.2,1442684.2,1659188.0,1825106.8,1715438.5,1869621.6,1953795.0,2144804.0,2078031.8,2387612.0,2306676.0,2395705.6,2468548.0,2650654.0,2731590.0,2893462.0,2873228.0,2784198.4,2751824.0,1962698.0,2812526.0,3014866.0,2832760.0,2509016.0,2670888.0,2832760.0,2954164.0,3156504.0,3196972.0,3055334.0,3338610.0,3116036.0,3338610.0,3480248.0,3460014.0,3358844.0,3257674.0,3136270.0,2974398.0,3116036.0,3217206.0,3338610.0,3136270.0,3723056.0,3460014.0,3581418.0,3581418.0,3884928.0,3682588.0,3864694.0,3621886.0,3702822.0,3864694.0,3763524.0,3743290.0
NEW JERSEY,127878.88,120189.96,125046.12,114929.12,114929.12,114929.12,113715.08,112501.04,111287.0,110477.64,110477.64,110477.64,110477.64,110477.64,103193.4,108454.24,106430.84,103193.4,105216.8,94695.12,83364.08,77293.88,71223.68,69200.28,64344.12,68795.6,63939.44,58273.92,55441.16,53013.08,55036.48,59892.64,57464.56,60702.0,61511.36,66367.52,59892.64,63534.76,58273.92,53013.08,53013.08,52608.4,55845.84,51394.36,54631.8,50585.0,50585.0,49370.96,53417.76,47347.56,48966.28,54631.8,58678.6,56250.52,57464.56,53822.44,54227.12,29946.32,40063.32,44919.48,43705.44,31565.04,31565.04,25090.16,25090.16,25090.16,21448.04,29136.96,21852.72,26708.88,27518.24,33588.44,21043.36,30351.0,35207.16,36421.2,46538.2,40063.32,41682.04,38444.6,47752.24,52608.4,46133.52,36421.2,40063.32,44110.12,38039.92,34397.8,31969.72,28732.28,30351.0,31160.36,33183.76,32374.4,32779.08,31565.04,38039.92,38039.92,39658.64,24280.8,30351.0,26708.88,28327.6,24685.48,29136.96,25090.16,25899.52,33183.76,29946.32,28327.6,28732.28,32779.08,34802.48,32374.4,31969.72,29136.96,28732.28,28327.6,
NEW MEXICO,18210.6,19829.32,21448.04,23876.12,22662.08,28327.6,31969.72,33993.12,38849.28,44110.12,47347.56,51799.04,53417.76,52608.4,55036.48,58273.92,66772.2,71223.68,78912.6,91862.36,97527.88,98741.92,72033.04,70414.32,67986.24,68795.6,76484.52,56250.52,85387.48,87815.56,77293.88,89434.28,88220.24,72437.72,28327.6,69200.28,56655.2,69200.28,62320.72,59892.64,59083.28,71223.68,69604.96,59487.96,65558.16,42086.72,42491.4,33588.44,29541.64,30351.0,21043.36,12545.08,12140.4,8902.96,12140.4,14163.8,9712.32,10521.68,10521.68,8902.96,6879.56,6070.2,4856.16,5260.84,5665.52,6070.2,5260.84,6474.88,8093.6,8498.28,7284.24,6879.56,9712.32,11735.72,19829.32,30351.0,38849.28,46133.52,29136.96,29946.32,30351.0,26304.2,26304.2,20234.0,25494.84,26304.2,25090.16,19829.32,22257.4,24280.8,22257.4,24280.8,28732.28,34397.8,34397.8,29541.64,33993.12,34397.8,34397.8,33588.44,26708.88,18615.28,19829.32,19424.64,23471.44,22257.4,18210.6,21852.72,22257.4,20234.0,26708.88,18210.6,17401.24,15377.84,19424.64,16187.2,16591.88,17401.24,
NEW YORK,341954.6,319697.2,327790.8,307556.8,311603.6,307556.8,303510.0,295416.4,291369.6,303510.0,307556.8,307556.8,295416.4,303510.0,307556.8,311603.6,287322.8,307556.8,313627.0,129497.6,111691.68,108454.24,118166.56,97527.88,71223.68,84578.12,51799.04,50585.0,39253.96,45728.84,45728.84,53822.44,58678.6,63534.76,67581.56,69200.28,57464.56,67176.88,80126.64,76889.2,56655.2,65558.16,69604.96,53013.08,55845.84,52608.4,61916.04,54631.8,66367.52,68795.6,74865.8,69604.96,94290.44,96718.52,96313.84,94290.44,93481.08,96313.84,85792.16,92671.72,85387.48,73247.08,72437.72,80936.0,76484.52,82959.4,87815.56,117761.88,104812.12,105216.8,127474.2,163895.4,129497.6,169965.6,212457.0,220550.6,231881.64,258995.2,242808.0,263042.0,295416.4,335884.4,309580.2,242808.0,271135.6,291369.6,263042.0,242808.0,218527.2,230667.6,250901.6,242808.0,222574.0,218527.2,230667.6,250901.6,254948.4,242808.0,234714.4,238761.2,182106.0,218527.2,186152.8,178059.2,202340.0,186152.8,194246.4,222574.0,258995.2,240784.6,238761.2,250901.6,275182.4,279229.2,275182.4,238761.2,230667.6,196269.8,254948.4
NORTH CAROLINA,1092636.0,1040027.6,1080495.6,1027887.2,1027887.2,1015746.8,1007653.2,987419.2,987419.2,999559.6,1019793.6,987419.2,987419.2,963138.4,926717.2,959091.6,922670.4,1015746.8,979325.6,935215.48,889081.96,908506.6,850637.36,850637.36,808955.32,827165.92,828379.96,815025.52,807741.28,765654.56,871276.04,917004.88,898389.6,938857.6,948165.24,978111.56,936429.52,924289.12,966375.84,976897.52,962733.72,946546.52,901222.36,911339.36,904055.12,869657.32,851446.72,853874.8,864801.16,858730.96,875322.84,852660.76,836878.24,823928.48,794791.52,798433.64,742183.12,696454.28,691193.44,735708.24,708190.0,567361.36,513943.6,564933.28,549150.76,532558.88,542675.88,558863.08,545508.64,518395.08,566552.0,633324.2,517990.4,566552.0,635347.6,643441.2,760798.4,704143.2,647488.0,683909.2,700096.4,740564.4,635347.6,517990.4,655581.6,657605.0,550364.8,445148.0,392539.6,384446.0,433007.6,384446.0,420867.2,343978.0,364212.0,283276.0,364212.0,352071.6,311603.6,258995.2,258995.2,252925.0,275182.4,275182.4,299463.2,283276.0,299463.2,408726.8,335884.4,323744.0,339931.2,329814.2,331837.6,348024.8,315650.4,295416.4,380399.2,339931.2,339931.2
NORTH DAKOTA,35611.84,55845.84,50989.68,55036.48,60702.0,60297.32,60702.0,70819.0,76889.2,91457.68,113310.4,161872.0,171989.0,182106.0,202340.0,242808.0,171989.0,202340.0,182106.0,77293.88,94290.44,110882.32,72842.4,104407.44,102384.04,68795.6,53822.44,57869.24,53013.08,55845.84,62725.4,79317.28,119380.6,117761.88,6879.56,139209.92,25090.16,118975.92,124236.76,140423.96,191413.64,216503.8,172798.36,169560.92,215694.44,163490.72,176845.16,211647.64,214885.08,212861.68,171989.0,162276.68,127474.2,153778.4,174012.4,204363.4,188176.2,206791.48,151755.0,113310.4,129092.92,73651.76,68390.92,111287.0,76889.2,79317.28,73651.76,53822.44,53417.76,52608.4,50585.0,74865.8,68795.6,72842.4,68795.6,56655.2,82554.72,105216.8,121404.0,126664.84,117357.2,207600.84,210433.6,176035.8,254948.4,226620.8,214480.4,202340.0,153778.4,188176.2,186152.8,230667.6,234714.4,147708.2,210433.6,206386.8,242808.0,238761.2,333861.0,265065.4,376352.4,285299.4,402656.6,473475.6,465382.0,485616.0,566552.0,950998.0,930764.0,704143.2,760798.4,833640.8,1400192.8,1456848.0,1023840.4,1035980.8,1323303.6,1307116.4,1181665.6
OHIO,1618720.0,1568135.0,1618720.0,1578252.0,1608603.0,1517550.0,1578252.0,1537784.0,1517550.0,1630860.4,1588369.0,1578252.0,1598486.0,1558018.0,1507433.0,1537784.0,1578252.0,1699656.0,1568135.0,1406263.0,1352035.9,1286073.0,1156170.8,1251270.6,1112465.3,1315614.7,1256126.7,1152933.3,1242772.3,1178023.5,1214849.4,1376721.4,1369032.4,1376721.4,1228203.8,1385219.6,1379554.1,1428925.1,1355678.0,1309544.5,1198662.2,1236702.1,1235892.7,1289310.5,1386029.0,1333420.6,1377935.4,1253698.6,1404239.6,1375912.0,1276765.4,1349203.1,1368627.8,1358915.4,1428520.4,1439042.1,1354464.0,1219705.5,1213230.6,1422045.5,1369032.4,1026673.2,1103157.7,1200280.9,1248437.8,1235892.7,1260578.2,1311163.2,1167097.1,1122177.6,1230227.2,1434590.6,1250461.2,1230227.2,1432567.2,1351631.2,1545877.6,1464941.6,1460894.8,1468988.4,1578252.0,1517550.0,1618720.0,1133104.0,1578252.0,1630860.4,1505409.6,1254508.0,1214040.0,1205946.4,1396146.0,1375912.0,1436614.0,1327350.4,1416380.0,1254508.0,1133104.0,1436614.0,1351631.2,1294976.0,1335444.0,1282835.6,1201899.6,1242367.6,1258554.8,1315210.0,1197852.8,1460894.8,1262601.6,1270695.2,1323303.6,1294976.0,1477082.0,1509456.4,1404239.6,1319256.8,1335444.0,1266648.4,1319256.8
OKLAHOMA,1064308.4,1116916.8,1278788.8,1250461.2,1456848.0,1598486.0,1606579.6,1918183.2,2015306.4,2403394.5,2270254.8,2201459.2,1982932.0,1675375.2,1404239.6,1428520.4,1424473.6,1363771.6,1157384.8,1000773.6,1123796.4,1371055.8,1316019.4,1233060.0,1131080.6,995917.48,931978.04,1262196.9,1191782.6,1178832.8,1199066.8,1275956.0,1285263.7,1031934.0,547532.04,702929.16,608234.04,634942.92,668531.36,695644.92,702929.16,694026.2,701310.44,636561.64,634538.24,509896.8,532963.56,434626.32,426128.04,430174.84,409131.48,382827.28,251710.96,135163.12,81745.36,120594.64,110477.64,70009.64,94290.44,83364.08,83364.08,62320.72,49775.64,45324.16,28327.6,21043.36,14973.16,12140.4,24685.48,25090.16,25090.16,25090.16,33993.12,37635.24,42086.72,36825.88,42896.08,38444.6,26304.2,30351.0,30351.0,20234.0,18210.6,14973.16,20234.0,22257.4,18210.6,26708.88,29136.96,31565.04,35611.84,38444.6,54631.8,58678.6,66772.2,52608.4,68795.6,68795.6,89029.6,113310.4,97123.2,84982.8,76889.2,76889.2,80936.0,101170.0,89029.6,109263.6,129497.6,129497.6,137591.2,76889.2,119380.6,125450.8,117357.2,113310.4,141638.0,123427.4,113310.4
OREGON,9712.32,10926.36,11331.04,11735.72,11735.72,12140.4,12949.76,12140.4,12949.76,13759.12,14163.8,15782.52,16187.2,16996.56,18210.6,19829.32,23876.12,25899.52,27518.24,12949.76,10926.36,10521.68,8093.6,10117.0,8093.6,8902.96,8902.96,10926.36,11735.72,10117.0,10521.68,10117.0,12949.76,13759.12,10521.68,12140.4,15377.84,16591.88,12949.76,13759.12,12949.76,13354.44,9712.32,8902.96,5665.52,4451.48,4856.16,4451.48,4451.48,4856.16,4046.8,4856.16,4046.8,4046.8,5260.84,8093.6,6879.56,7688.92,10117.0,12140.4,13354.44,9712.32,8093.6,7284.24,4856.16,5260.84,4451.48,3642.12,2832.76,3642.12,4046.8,3237.44,3237.44,2832.76,3237.44,3237.44,4046.8,4856.16,5260.84,4856.16,5260.84,8902.96,15782.52,13354.44,16996.56,16187.2,12140.4,9712.32,7688.92,8902.96,7284.24,6070.2,6070.2,7688.92,8093.6,8498.28,14973.16,10926.36,13354.44,12140.4,10926.36,7284.24,8093.6,12140.4,11331.04,10117.0,11735.72,14163.8,13354.44,12949.76,15377.84,20638.68,21043.36,14568.48,15782.52,12140.4,15782.52,17805.92,
PENNSYLVANIA,635347.6,629277.4,635347.6,617137.0,598926.4,598926.4,592856.2,578692.4,572622.2,590832.8,590832.8,580715.8,586786.0,592856.2,592856.2,615113.6,586786.0,637371.0,643441.2,544699.28,507064.04,492495.56,469833.48,439887.16,421676.56,451218.2,433816.96,368663.48,382422.6,384446.0,350857.56,392539.6,388492.8,411559.56,411559.56,445148.0,427746.76,442719.92,437054.4,435435.68,416415.72,411964.24,408726.8,414392.32,452432.24,426128.04,426937.4,423295.28,444338.64,429365.48,413582.96,426128.04,434626.32,421676.56,420867.2,404275.32,396181.72,329004.84,379994.52,388492.8,373519.64,362188.6,318887.84,328600.16,331837.6,331837.6,271944.96,372710.28,327790.8,351262.24,369877.52,419248.48,364212.0,420867.2,445148.0,437054.4,477522.4,489662.8,493709.6,517990.4,517990.4,566552.0,526084.0,424914.0,546318.0,558458.4,501803.2,441101.2,368258.8,388492.8,392539.6,348024.8,400633.2,392539.6,416820.4,396586.4,433007.6,408726.8,424914.0,356118.4,437054.4,388492.8,339931.2,360165.2,396586.4,388492.8,388492.8,396586.4,356118.4,372305.6,368258.8,388492.8,404680.0,441101.2,416820.4,380399.2,384446.0,372305.6,368258.8
SOUTH CAROLINA,704143.2,667722.0,692002.8,663675.2,639394.4,647488.0,631300.8,619160.4,623207.2,635752.28,647488.0,655581.6,687956.0,696049.6,671768.8,752704.8,724377.2,752704.8,738541.0,709404.04,674196.88,767273.28,755537.56,715878.92,645869.28,617946.36,562100.52,569384.76,546722.68,541866.52,604187.24,642227.16,652748.84,644250.56,705357.24,738945.68,649106.72,660033.08,735708.24,706571.28,697263.64,650320.76,581525.16,628468.04,598926.4,562100.52,572622.2,548341.4,546722.68,544699.28,567766.04,511110.84,480355.16,451622.88,388088.12,396586.4,348834.16,324553.36,327790.8,301486.6,286513.44,226216.12,190199.6,197888.52,178059.2,157825.2,157825.2,171989.0,174012.4,171179.64,180891.96,205172.76,151755.0,174012.4,218122.52,222574.0,269921.56,279229.2,222574.0,205982.12,208410.2,230667.6,153778.4,111287.0,180891.96,210433.6,186152.8,151755.0,135567.8,137591.2,129497.6,103193.4,141638.0,97123.2,139614.6,107240.2,153778.4,131521.0,111287.0,111287.0,113310.4,97123.2,105216.8,87006.2,119380.6,115333.8,117357.2,149731.6,127474.2,129497.6,135567.8,133544.4,125450.8,135567.8,113310.4,105216.8,141638.0,131521.0,125450.8
SOUTH DAKOTA,517990.4,586786.0,671768.8,687956.0,708190.0,740564.4,758775.0,748658.0,785079.2,836878.24,870062.0,950998.0,1072402.0,1143221.0,1274742.0,1315210.0,1214040.0,1355678.0,1311163.2,1115298.1,1275146.7,1321684.9,1250461.2,1498530.0,1399788.1,1309949.2,1161026.9,1531309.1,1295380.7,1413547.2,1482342.8,1021817.0,1447135.7,1022626.4,206386.8,1130675.9,180891.96,886653.88,902841.08,799243.0,879774.32,798433.64,1084542.4,1132699.3,1400192.8,1390885.2,1428115.7,1397764.7,1344751.6,1321684.9,1266243.7,1165478.4,1271504.6,1443088.9,1364176.3,1228203.8,1286073.0,1433376.6,1321684.9,1006843.8,1386433.7,1109227.9,1076044.1,1280407.5,1049739.9,955449.48,1031934.0,980134.96,960710.32,949379.28,989037.92,1062689.7,976897.52,1096682.8,942904.4,910530.0,485616.0,870062.0,1072402.0,1153338.0,930764.0,1044074.4,1088589.2,797219.6,1125010.4,1214040.0,1133104.0,1072402.0,971232.0,1072402.0,1214040.0,1315210.0,1335444.0,1031934.0,1355678.0,991466.0,1477082.0,1375912.0,1436614.0,1315210.0,1537784.0,1375912.0,1315210.0,1558018.0,1679422.0,1598486.0,1303069.6,1812966.4,1780592.0,1893902.4,1707749.6,2003166.0,2144804.0,2371424.8,2152897.6,2035540.4,2076008.4,2055774.4,2003166.0
TENNESSEE,1311163.2,1343537.6,1428520.4,1392099.2,1384005.6,1367818.4,1392099.2,1355678.0,1307116.4,1282835.6,1331397.2,1315210.0,1286882.4,1294976.0,1294976.0,1367818.4,1315210.0,1568135.0,1505409.6,1335848.7,1365795.0,1357296.7,1252079.9,1172358.0,1207969.8,1223347.6,1168311.2,1124605.7,1090612.6,1089803.2,1100729.6,1182475.0,1185307.7,1178428.2,1133104.0,1106799.8,1127843.2,1098301.5,1063499.0,1024649.8,1066736.5,1036790.2,1029910.6,1014937.4,941285.68,827975.28,852256.08,852256.08,878964.96,825142.52,823928.48,768487.32,721544.44,685527.92,685527.92,664889.24,639394.4,530535.48,540247.8,571408.16,547936.72,405489.36,356927.76,346406.08,344787.36,320506.56,310794.24,316864.44,266279.44,244831.4,230262.92,273159.0,194246.4,215694.44,221764.64,248878.2,289346.2,295416.4,267088.8,250901.6,258995.2,258995.2,254948.4,194246.4,279229.2,327790.8,311603.6,234714.4,214480.4,214480.4,206386.8,206386.8,258995.2,222574.0,230667.6,218527.2,263042.0,250901.6,250901.6,230667.6,234714.4,246854.8,246854.8,250901.6,248878.2,240784.6,202340.0,319697.2,254948.4,238761.2,258995.2,297439.8,388492.8,327790.8,339931.2,295416.4,335884.4,287322.8,277205.8
TEXAS,1954604.4,1938417.2,1974838.4,1974838.4,1954604.4,2015306.4,2035540.4,2080055.2,2100289.2,2089767.5,2152897.6,2108382.8,2076008.4,1934370.4,1780592.0,1995072.4,1901996.0,1922230.0,1922230.0,1899972.6,1940035.9,2406632.0,1921420.6,1626004.2,1466965.0,1023031.0,1408691.1,1923848.7,1734863.2,1649475.7,1798397.9,2005998.8,2228168.1,2105145.4,1812966.4,1967554.2,1825916.2,1821464.7,1912113.0,1749431.6,1847364.2,1780996.7,1867598.2,1850197.0,1517550.0,1297808.8,1221728.9,1100729.6,975683.48,949379.28,1152528.6,853470.12,806527.24,687146.64,702524.48,777390.28,644655.24,657605.0,670959.44,579097.08,506254.68,430174.84,425723.36,349238.84,297035.12,237547.16,213671.04,198697.88,202744.68,241593.96,225406.76,223383.36,186152.8,258995.2,356118.4,465382.0,627254.0,667722.0,582739.2,509896.8,526084.0,441101.2,461335.2,437054.4,627254.0,602973.2,538224.4,505850.0,546318.0,566552.0,586786.0,607020.0,655581.6,748658.0,825547.2,768892.0,716283.6,708190.0,748658.0,716283.6,768892.0,574645.6,724377.2,667722.0,679862.4,748658.0,586786.0,797219.6,821500.4,793172.8,841734.4,594879.6,627254.0,789126.0,805313.2,797219.6,1031934.0,906483.2,772938.8
UTAH,4451.48,4451.48,4451.48,4451.48,4046.8,4046.8,4046.8,4046.8,4046.8,3237.44,3237.44,4046.8,4451.48,4451.48,4856.16,5260.84,5665.52,8093.6,9712.32,5665.52,4856.16,3237.44,2832.76,3237.44,2832.76,2832.76,2428.08,2428.08,2428.08,2832.76,2832.76,3237.44,3642.12,2428.08,2023.4,4451.48,4451.48,4451.48,4451.48,3642.12,4046.8,3237.44,2428.08,2832.76,2023.4,2023.4,2023.4,2023.4,2023.4,2023.4,2023.4,2023.4,1618.72,1618.72,1214.04,1214.04,1214.04,2023.4,1214.04,2023.4,1214.04,1214.04,1214.04,809.36,1214.04,1214.04,809.36,1214.04,1214.04,2428.08,4046.8,6070.2,3237.44,5260.84,5665.52,6070.2,6070.2,5260.84,6474.88,6474.88,6070.2,6070.2,6879.56,5665.52,6474.88,6474.88,7284.24,8093.6,8902.96,8093.6,7688.92,8498.28,9712.32,8902.96,8902.96,8093.6,8093.6,8093.6,9712.32,8093.6,7284.24,6070.2,6474.88,5260.84,4856.16,4856.16,6879.56,8902.96,9307.64,6879.56,9307.64,12140.4,13759.12,12545.08,11331.04,6879.56,11735.72,8093.6,
VIRGINIA,768892.0,768892.0,776985.6,748658.0,748658.0,748658.0,740564.4,718307.0,728424.0,752704.8,776985.6,756751.6,736517.6,728424.0,708190.0,748658.0,736517.6,825547.2,809360.0,730447.4,702524.48,657605.0,609852.76,610257.44,540652.48,633728.88,597307.68,573431.56,563719.24,547532.04,490472.16,577478.36,543080.56,589214.08,540247.8,575050.28,519609.12,556839.68,520823.16,528916.76,512729.56,483592.6,490876.84,495733.0,481569.2,433412.28,411559.56,394967.68,394967.68,367449.44,363807.32,351262.24,342763.96,312817.64,314436.36,301081.92,292178.96,254139.04,256567.12,264256.04,253734.36,220550.6,200721.28,160657.96,184938.76,199911.92,171989.0,196269.8,179677.92,179677.92,188985.56,194246.4,203149.36,222574.0,230667.6,228644.2,261018.6,244831.4,254948.4,248878.2,240784.6,252925.0,250901.6,137591.2,218527.2,222574.0,161872.0,131521.0,119380.6,147708.2,147708.2,135567.8,145684.8,115333.8,141638.0,111287.0,125450.8,131521.0,121404.0,113310.4,133544.4,133544.4,131521.0,133544.4,145684.8,145684.8,139614.6,163895.4,137591.2,133544.4,125450.8,137591.2,141638.0,145684.8,141638.0,121404.0,137591.2,137591.2,133544.4
WASHINGTON,6070.2,6474.88,6879.56,7284.24,7688.92,8902.96,9712.32,10521.68,11735.72,13354.44,13759.12,14568.48,14973.16,16591.88,17805.92,19424.64,19424.64,20638.68,21448.04,14163.8,11331.04,10926.36,7284.24,6879.56,6879.56,7284.24,5665.52,4451.48,4451.48,4046.8,4856.16,5260.84,6070.2,5665.52,4856.16,4046.8,5260.84,7284.24,6474.88,6070.2,5260.84,4856.16,4451.48,4046.8,3642.12,2832.76,2832.76,2832.76,2428.08,3642.12,3237.44,3237.44,3237.44,5260.84,9307.64,8093.6,7688.92,9307.64,16996.56,24685.48,21043.36,13354.44,12140.4,12140.4,9712.32,9307.64,8498.28,7284.24,8093.6,13354.44,17401.24,24685.48,17401.24,14973.16,10117.0,13759.12,17805.92,25899.52,26304.2,39253.96,35611.84,46133.52,64748.8,44514.8,60702.0,54631.8,48561.6,32374.4,32374.4,36421.2,32374.4,35611.84,35611.84,32374.4,42491.4,41277.36,48561.6,38444.6,40468.0,40468.0,40468.0,22257.4,28327.6,28327.6,42491.4,32374.4,30351.0,46538.2,36421.2,42491.4,50585.0,50585.0,46538.2,42491.4,44514.8,30351.0,34397.8,32374.4,28732.28
WEST VIRGINIA,297439.8,291369.6,295416.4,279229.2,279229.2,275182.4,273159.0,258995.2,256971.8,277205.8,273159.0,263042.0,258995.2,250901.6,238761.2,258995.2,236737.8,256971.8,254948.4,229858.24,218931.88,208005.52,199507.24,188985.56,167132.84,189794.92,181296.64,165109.44,170370.28,165514.12,148922.24,188580.88,184129.4,207196.16,198293.2,212457.0,180891.96,183320.04,166728.16,171179.64,161467.32,145684.8,142042.68,140423.96,133544.4,116143.16,114929.12,112501.04,108858.92,95504.48,89434.28,79317.28,75675.16,70009.64,72842.4,61916.04,55036.48,40872.68,44110.12,44919.48,39658.64,32374.4,28732.28,25899.52,23066.76,23471.44,19019.96,22662.08,19019.96,19829.32,21448.04,23876.12,21448.04,25494.84,26708.88,26304.2,24685.48,21852.72,23471.44,23876.12,25899.52,33993.12,32374.4,24280.8,32779.08,29541.64,24280.8,20234.0,16187.2,18615.28,20234.0,15377.84,20234.0,17401.24,14163.8,16187.2,16187.2,14568.48,13759.12,8093.6,14163.8,10521.68,12140.4,10926.36,11735.72,11331.04,10521.68,10926.36,10521.68,12140.4,11735.72,12545.08,14163.8,14568.48,14568.48,14163.8,14163.8,13354.44,
WISCONSIN,637371.0,659628.4,679862.4,667722.0,659628.4,633324.2,621183.8,615113.6,615113.6,635347.6,647488.0,679862.4,692002.8,692002.8,712236.8,728424.0,696049.6,789126.0,762821.8,465786.68,487234.72,490472.16,384850.68,382422.6,238761.2,378780.48,258590.52,193437.04,279633.88,289750.88,269516.88,303914.68,404680.0,426937.4,404275.32,445957.36,267493.48,421676.56,471047.52,460121.16,450408.84,464167.96,506659.36,526893.36,582334.52,553197.56,525679.32,541461.84,557649.04,613494.88,527702.72,532963.56,612685.52,625230.6,635752.28,654367.56,693621.52,679053.04,603782.56,783055.8,702524.48,653153.52,620374.44,607829.36,601759.16,649916.08,675815.6,689170.04,709808.72,702524.48,751895.44,932382.72,867229.24,845781.2,918623.6,967185.2,898389.6,1234274.0,1214040.0,1246414.4,1355678.0,1416380.0,1355678.0,930764.0,1315210.0,1355678.0,1254508.0,1133104.0,789126.0,1133104.0,1214040.0,1294976.0,1193806.0,950998.0,1254508.0,1234274.0,1214040.0,1234274.0,1193806.0,1153338.0,1112870.0,1052168.0,1173572.0,1153338.0,1052168.0,1173572.0,1133104.0,1327350.4,1165478.4,1185712.4,1254508.0,1343537.6,1335444.0,1226180.4,1258554.8,1214040.0,1303069.6,1185712.4,1214040.0
WYOMING,1618.72,2023.4,2428.08,2428.08,2428.08,3237.44,3642.12,3642.12,3642.12,4856.16,6070.2,7688.92,9712.32,12140.4,15377.84,18615.28,19424.64,24685.48,27518.24,15782.52,20234.0,27518.24,22662.08,35611.84,34802.48,40063.32,37230.56,37635.24,27922.92,30755.68,32374.4,29136.96,31969.72,36421.2,15782.52,56655.2,26708.88,50585.0,35611.84,23471.44,22257.4,27518.24,19424.64,17805.92,12949.76,11735.72,9712.32,8498.28,4856.16,4856.16,6474.88,4046.8,4451.48,2832.76,2832.76,7284.24,7284.24,8498.28,6070.2,8902.96,8093.6,8093.6,3237.44,6879.56,5665.52,5665.52,5665.52,8093.6,8902.96,8902.96,12140.4,11735.72,10926.36,12140.4,11735.72,8093.6,8902.96,12140.4,13759.12,11735.72,14973.16,18615.28,19829.32,27518.24,24280.8,21448.04,20638.68,16591.88,21448.04,16591.88,20234.0,19829.32,21448.04,17805.92,19424.64,19424.64,20234.0,21043.36,24280.8,21043.36,23471.44,20638.68,14163.8,20234.0,20234.0,19829.32,18210.6,24280.8,21043.36,18210.6,20234.0,28327.6,24280.8,27113.56,24280.8,23876.12,27922.92,25494.84,
